Rank,Team,Wins,Losses,Perc,Sets Played,Kills,Errors,Attempts,Perc,,,,,,,,,,,
1,Nebraska,22,0,1,72,1040,291,2212,0.339,,,,,,,,,,,
2,Xavier,22,2,0.917,90,1206,416,3105,0.254,,,,,,,,,,,
3,Hofstra,18,2,0.9,72,1025,359,2491,0.267,,,,,,,,,,,
-,Kentucky,18,2,0.9,70,1039,317,2511,0.288,,,,,,,,,,,
-,Texas,18,2,0.9,72,1078,327,2443,0.307,,,,,,,,,,,
6,UTEP,21,3,0.875,81,1107,337,2561,0.301,,,,,,,,,,,
7,Colorado,20,3,0.87,87,1142,402,2865,0.258,,,,,,,,,,,
-,Stanford,20,3,0.87,81,1155,331,2730,0.302,,,,,,,,,,,
9,Arizona St.,19,3,0.864,80,1064,363,2623,0.267,,,,,,,,,,,
-,Pittsburgh,19,3,0.864,85,1155,361,2659,0.299,,,,,,,,,,,
-,Purdue,19,3,0.864,86,1193,380,2839,0.286,,,,,,,,,,,
-,Texas A&M,19,3,0.864,79,1130,379,2635,0.285,,,,,,,,,,,
13,South Dakota St.,18,3,0.857,79,1024,401,2776,0.224,,,,,,,,,,,
14,Miami (FL),20,4,0.833,92,1197,457,2846,0.26,,,,,,,,,,,
15,American,19,4,0.826,81,1054,306,2620,0.285,,,,,,,,,,,
16,Indiana,18,4,0.818,76,1043,339,2397,0.294,,,,,,,,,,,
-,Iowa St.,18,4,0.818,83,1186,441,2905,0.256,,,,,,,,,,,
-,Louisville,18,4,0.818,81,1117,364,2878,0.262,,,,,,,,,,,
-,San Diego,18,4,0.818,90,1147,388,2880,0.264,,,,,,,,,,,
20,North Carolina,17,4,0.81,82,1094,400,2691,0.258,,,,,,,,,,,
-,Wisconsin,17,4,0.81,70,1001,302,2299,0.304,,,,,,,,,,,
22,Towson,20,5,0.8,99,1401,527,3616,0.242,,,,,,,,,,,
-,UNI,20,5,0.8,83,1234,438,3203,0.249,,,,,,,,,,,
-,Western Ky.,20,5,0.8,80,1151,339,2654,0.306,,,,,,,,,,,
25,Cal Poly,19,5,0.792,84,1113,331,2788,0.28,,,,,,,,,,,
-,Creighton,19,5,0.792,83,1146,403,2717,0.273,,,,,,,,,,,
-,Fairfield,19,5,0.792,90,1217,376,3010,0.279,,,,,,,,,,,
-,Northern Ariz.,19,5,0.792,89,1160,369,3305,0.239,,,,,,,,,,,
29,Campbell,18,5,0.783,83,1116,391,2760,0.263,,,,,,,,,,,
-,ETSU,18,5,0.783,84,1083,411,2812,0.239,,,,,,,,,,,
-,Ga. Southern,18,5,0.783,87,1140,385,3179,0.237,,,,,,,,,,,
32,SMU,17,5,0.773,85,1163,355,2745,0.294,,,,,,,,,,,
-,Southern California,17,5,0.773,81,1095,388,2852,0.248,,,,,,,,,,,
34,Tennessee,16,5,0.762,76,1061,347,2472,0.289,,,,,,,,,,,
-,Utah Tech,16,5,0.762,75,1002,396,2676,0.226,,,,,,,,,,,
36,Dayton,19,6,0.76,87,1136,387,3004,0.249,,,,,,,,,,,
-,North Texas,19,6,0.76,96,1292,589,3417,0.206,,,,,,,,,,,
-,Valparaiso,19,6,0.76,96,1361,529,3728,0.223,,,,,,,,,,,
39,BYU,18,6,0.75,89,1240,455,2974,0.264,,,,,,,,,,,
-,Jacksonville,18,6,0.75,88,1137,412,2938,0.247,,,,,,,,,,,
-,James Madison,18,6,0.75,95,1336,463,3260,0.268,,,,,,,,,,,
-,Southeastern La.,18,6,0.75,81,1102,392,2845,0.25,,,,,,,,,,,
-,Tulsa,18,6,0.75,85,1192,392,3023,0.265,,,,,,,,,,,
-,Villanova,18,6,0.75,92,1261,446,3124,0.261,,,,,,,,,,,
-,UC Davis,15,5,0.75,74,959,383,2570,0.224,,,,,,,,,,,
46,Long Beach St.,17,6,0.739,86,1178,459,2992,0.24,,,,,,,,,,,
-,Morehead St.,17,6,0.739,78,1076,360,2879,0.249,,,,,,,,,,,
48,Army West Point,16,6,0.727,84,1136,514,3147,0.198,,,,,,,,,,,
-,Colorado St.,16,6,0.727,84,1114,416,2811,0.248,,,,,,,,,,,
-,Eastern Ill.,16,6,0.727,83,1117,434,3150,0.217,,,,,,,,,,,
-,Kennesaw St.,16,6,0.727,84,1143,432,2844,0.25,,,,,,,,,,,
-,Michigan St.,16,6,0.727,83,1102,429,2753,0.244,,,,,,,,,,,
53,Liberty,18,7,0.72,99,1294,431,3335,0.259,,,,,,,,,,,
54,Winthrop,15,6,0.714,83,1118,418,3017,0.232,,,,,,,,,,,
55,Eastern Ky.,17,7,0.708,92,1250,435,3172,0.257,,,,,,,,,,,
-,Furman,17,7,0.708,90,1173,428,3240,0.23,,,,,,,,,,,
-,Minnesota,17,7,0.708,86,1103,340,2766,0.276,,,,,,,,,,,
-,UC Santa Barbara,17,7,0.708,94,1268,479,3157,0.25,,,,,,,,,,,
-,UConn,17,7,0.708,88,1146,416,2793,0.261,,,,,,,,,,,
60,Arkansas St.,16,7,0.696,89,1156,409,3026,0.247,,,,,,,,,,,
-,Auburn,16,7,0.696,81,1047,345,2767,0.254,,,,,,,,,,,
-,SFA,16,7,0.696,85,1156,393,2950,0.259,,,,,,,,,,,
-,TCU,16,7,0.696,86,1155,439,3107,0.23,,,,,,,,,,,
-,UTRGV,16,7,0.696,83,1113,354,2800,0.271,,,,,,,,,,,
65,Toledo,18,8,0.692,101,1295,503,3599,0.22,,,,,,,,,,,
66,Georgia,15,7,0.682,82,1027,364,2695,0.246,,,,,,,,,,,
-,Mississippi St.,15,7,0.682,79,1054,377,2725,0.248,,,,,,,,,,,
-,Pepperdine,15,7,0.682,82,1002,387,2777,0.221,,,,,,,,,,,
-,St. Thomas (MN),15,7,0.682,79,1149,388,2915,0.261,,,,,,,,,,,
-,UIC,15,7,0.682,86,1180,477,3024,0.232,,,,,,,,,,,
-,Utah St.,15,7,0.682,83,1138,436,2737,0.256,,,,,,,,,,,
72,Fla. Atlantic,17,8,0.68,89,1246,456,3281,0.241,,,,,,,,,,,
-,Kansas,17,8,0.68,97,1291,469,3370,0.244,,,,,,,,,,,
-,Northern Ky.,17,8,0.68,92,1231,476,3345,0.226,,,,,,,,,,,
75,Coastal Carolina,16,8,0.667,87,1087,430,2982,0.22,,,,,,,,,,,
-,Colgate,16,8,0.667,94,1163,389,3044,0.254,,,,,,,,,,,
-,Missouri,16,8,0.667,93,1234,453,3179,0.246,,,,,,,,,,,
-,South Dakota,16,8,0.667,92,1269,470,3391,0.236,,,,,,,,,,,
-,Wichita St.,16,8,0.667,92,1249,463,3280,0.24,,,,,,,,,,,
-,Oregon St.,14,7,0.667,75,1011,368,2563,0.251,,,,,,,,,,,
-,Washington St.,14,7,0.667,77,1034,417,2630,0.235,,,,,,,,,,,
-,Princeton,12,6,0.667,67,920,287,2289,0.277,,,,,,,,,,,
83,Ball St.,17,9,0.654,103,1381,474,3511,0.258,,,,,,,,,,,
84,Boise St.,15,8,0.652,90,1198,500,3387,0.206,,,,,,,,,,,
-,Col. of Charleston,15,8,0.652,93,1147,460,3261,0.211,,,,,,,,,,,
-,Denver,15,8,0.652,89,1159,451,2819,0.251,,,,,,,,,,,
-,FGCU,15,8,0.652,97,1307,473,3341,0.25,,,,,,,,,,,
-,Grand Canyon,15,8,0.652,86,1090,431,3086,0.214,,,,,,,,,,,
-,Michigan,15,8,0.652,83,1127,373,2684,0.281,,,,,,,,,,,
-,Rice,15,8,0.652,79,1056,371,2902,0.236,,,,,,,,,,,
-,Sacramento St.,15,8,0.652,83,1070,363,2683,0.264,,,,,,,,,,,
-,Saint Francis,15,8,0.652,90,1194,502,2895,0.239,,,,,,,,,,,
93,Cornell,13,7,0.65,75,1000,354,2519,0.256,,,,,,,,,,,
94,Alabama A&M,16,9,0.64,95,1173,513,3159,0.209,,,,,,,,,,,
-,FDU,16,9,0.64,92,1114,464,3113,0.209,,,,,,,,,,,
-,FIU,16,9,0.64,93,1246,475,3271,0.236,,,,,,,,,,,
-,Queens (NC),16,9,0.64,96,1282,524,3524,0.215,,,,,,,,,,,
98,LIU,14,8,0.636,79,1038,417,2639,0.235,,,,,,,,,,,
-,Montana,14,8,0.636,85,1164,444,3179,0.226,,,,,,,,,,,
-,Oklahoma,14,8,0.636,85,1129,450,2678,0.254,,,,,,,,,,,
-,West Virginia,14,8,0.636,86,1066,369,2654,0.263,,,,,,,,,,,
102,Brown,12,7,0.632,69,887,358,2387,0.222,,,,,,,,,,,
-,Kansas St.,12,7,0.632,73,960,394,2580,0.219,,,,,,,,,,,
104,Boston College,15,9,0.625,87,1065,416,2770,0.234,,,,,,,,,,,
-,Charlotte,15,9,0.625,87,1124,371,3165,0.238,,,,,,,,,,,
-,Northwestern,15,9,0.625,92,1158,429,2977,0.245,,,,,,,,,,,
107,Florida,13,8,0.619,84,1143,432,2910,0.244,,,,,,,,,,,
-,North Dakota St.,13,8,0.619,73,906,410,2405,0.206,,,,,,,,,,,
109,IU Indy,16,10,0.615,96,1344,503,3322,0.253,,,,,,,,,,,
110,Belmont,14,9,0.609,86,1086,360,2862,0.254,,,,,,,,,,,
-,Georgia St.,14,9,0.609,87,1141,521,3115,0.199,,,,,,,,,,,
-,South Fla.,14,9,0.609,85,1156,458,2945,0.237,,,,,,,,,,,
-,Southern Miss.,14,9,0.609,78,1037,396,2939,0.218,,,,,,,,,,,
-,UNC Greensboro,14,9,0.609,91,1165,441,3282,0.221,,,,,,,,,,,
115,Coppin St.,17,11,0.607,109,1378,604,3706,0.209,,,,,,,,,,,
116,Duquesne,15,10,0.6,93,1250,486,3352,0.228,,,,,,,,,,,
-,George Mason,15,10,0.6,100,1223,556,3289,0.203,,,,,,,,,,,
-,Wright St.,15,10,0.6,96,1270,551,3442,0.209,,,,,,,,,,,
-,Baylor,12,8,0.6,78,1041,410,2697,0.234,,,,,,,,,,,
-,Cincinnati,12,8,0.6,77,987,304,2644,0.258,,,,,,,,,,,
-,Tarleton St.,12,8,0.6,78,939,396,2516,0.216,,,,,,,,,,,
122,Lamar University,16,11,0.593,104,1254,444,3790,0.214,,,,,,,,,,,
123,Arizona,13,9,0.591,80,1086,422,2891,0.23,,,,,,,,,,,
-,Florida St.,13,9,0.591,87,1121,419,2988,0.235,,,,,,,,,,,
-,High Point,13,9,0.591,86,1097,435,2924,0.226,,,,,,,,,,,
-,Howard,13,9,0.591,89,1125,455,2908,0.23,,,,,,,,,,,
-,Marquette,13,9,0.591,84,1106,402,2861,0.246,,,,,,,,,,,
-,Oregon,13,9,0.591,83,1091,413,2637,0.257,,,,,,,,,,,
-,Penn St.,13,9,0.591,86,1150,446,2843,0.248,,,,,,,,,,,
-,Syracuse,13,9,0.591,83,1058,430,3035,0.207,,,,,,,,,,,
-,UCF,13,9,0.591,81,1086,426,2722,0.242,,,,,,,,,,,
-,UCLA,13,9,0.591,79,1038,422,2718,0.227,,,,,,,,,,,
-,Weber St.,13,9,0.591,78,1006,388,2619,0.236,,,,,,,,,,,
134,CSUN,14,10,0.583,97,1224,501,3364,0.215,,,,,,,,,,,
-,Clemson,14,10,0.583,88,1131,462,3145,0.213,,,,,,,,,,,
136,George Washington,15,11,0.577,102,1325,559,3490,0.219,,,,,,,,,,,
-,Prairie View,15,11,0.577,96,1174,454,3243,0.222,,,,,,,,,,,
-,Quinnipiac,15,11,0.577,99,1330,657,3698,0.182,,,,,,,,,,,
-,Temple,15,11,0.577,97,1228,542,3586,0.191,,,,,,,,,,,
140,Georgia Tech,12,9,0.571,79,1026,431,2530,0.235,,,,,,,,,,,
-,Gonzaga,12,9,0.571,83,1072,423,2771,0.234,,,,,,,,,,,
-,Illinois,12,9,0.571,77,1017,401,2696,0.228,,,,,,,,,,,
-,Santa Clara,12,9,0.571,87,1135,477,2834,0.232,,,,,,,,,,,
-,Utah Valley,12,9,0.571,76,947,401,2521,0.217,,,,,,,,,,,
145,App State,13,10,0.565,98,1253,498,3403,0.222,,,,,,,,,,,
-,South Alabama,13,10,0.565,91,1197,479,3149,0.228,,,,,,,,,,,
-,Wofford,13,10,0.565,79,941,363,2786,0.207,,,,,,,,,,,
148,Akron,14,11,0.56,102,1344,560,3632,0.216,,,,,,,,,,,
-,Bryant,14,11,0.56,95,1248,515,3301,0.222,,,,,,,,,,,
-,Charleston So.,14,11,0.56,93,1150,496,3447,0.19,,,,,,,,,,,
-,Marshall,14,11,0.56,90,1099,425,3157,0.213,,,,,,,,,,,
-,New Mexico St.,14,11,0.56,95,1194,584,3318,0.184,,,,,,,,,,,
153,Yale,10,8,0.556,69,903,306,2363,0.253,,,,,,,,,,,
154,Central Ark.,12,10,0.545,81,997,363,2675,0.237,,,,,,,,,,,
-,Louisiana,12,10,0.545,80,1060,405,2789,0.235,,,,,,,,,,,
-,UAlbany,12,10,0.545,83,1035,362,2960,0.227,,,,,,,,,,,
-,VCU,12,10,0.545,89,1112,488,2937,0.212,,,,,,,,,,,
158,Drake,13,11,0.542,94,1226,530,3574,0.195,,,,,,,,,,,
-,Iowa,13,11,0.542,95,1228,466,3047,0.25,,,,,,,,,,,
-,UIW,13,11,0.542,89,1103,404,3270,0.214,,,,,,,,,,,
-,USC Upstate,13,11,0.542,94,1204,488,3419,0.209,,,,,,,,,,,
162,Southeast Mo. St.,14,12,0.538,102,1285,462,3730,0.221,,,,,,,,,,,
163,N.C. A&T,11,10,0.524,81,1033,460,2862,0.2,,,,,,,,,,,
-,UT Arlington,11,10,0.524,91,1074,528,3130,0.174,,,,,,,,,,,
165,DePaul,12,11,0.522,88,1132,517,3163,0.194,,,,,,,,,,,
-,San Diego St.,12,11,0.522,93,1169,551,3177,0.195,,,,,,,,,,,
-,Texas St.,12,11,0.522,88,1109,481,2961,0.212,,,,,,,,,,,
-,Wyoming,12,11,0.522,90,1156,448,3272,0.216,,,,,,,,,,,
169,Bethune-Cookman,13,12,0.52,94,1121,474,3310,0.195,,,,,,,,,,,
-,Chattanooga,13,12,0.52,96,1177,489,3399,0.202,,,,,,,,,,,
-,Saint Louis,13,12,0.52,93,1162,545,3265,0.189,,,,,,,,,,,
172,Bowling Green,13,13,0.5,101,1267,585,3425,0.199,,,,,,,,,,,
-,Georgetown,13,13,0.5,101,1205,482,3295,0.219,,,,,,,,,,,
-,Miami (OH),13,13,0.5,102,1204,498,3723,0.19,,,,,,,,,,,
-,Air Force,12,12,0.5,90,1166,529,3260,0.195,,,,,,,,,,,
-,Little Rock,12,12,0.5,90,1168,522,3460,0.187,,,,,,,,,,,
-,Southern Ind.,12,12,0.5,90,1080,482,3395,0.176,,,,,,,,,,,
-,Alabama,11,11,0.5,81,1007,468,2748,0.196,,,,,,,,,,,
-,Jackson St.,11,11,0.5,81,992,459,2497,0.213,,,,,,,,,,,
-,Lipscomb,11,11,0.5,79,1081,424,2680,0.245,,,,,,,,,,,
-,Montana St.,11,11,0.5,86,1052,469,3023,0.193,,,,,,,,,,,
-,NC State,11,11,0.5,83,991,427,2983,0.189,,,,,,,,,,,
-,Navy,11,11,0.5,90,1136,453,3202,0.213,,,,,,,,,,,
-,Niagara,11,11,0.5,84,1017,443,3154,0.182,,,,,,,,,,,
-,UNLV,11,11,0.5,83,1114,432,2959,0.23,,,,,,,,,,,
-,Utah,11,11,0.5,84,1065,489,2835,0.203,,,,,,,,,,,
-,Lindenwood,10,10,0.5,74,965,425,2568,0.21,,,,,,,,,,,
-,Penn,10,10,0.5,73,1007,353,2783,0.235,,,,,,,,,,,
189,Western Mich.,13,14,0.481,105,1306,555,3979,0.189,,,,,,,,,,,
190,Butler,12,13,0.48,90,1100,513,3118,0.188,,,,,,,,,,,
-,Houston Christian,12,13,0.48,85,1105,500,3104,0.195,,,,,,,,,,,
-,North Ala.,12,13,0.48,96,1247,455,3342,0.237,,,,,,,,,,,
-,Rider,12,13,0.48,96,1193,524,3203,0.209,,,,,,,,,,,
-,SIUE,12,13,0.48,99,1243,573,3521,0.19,,,,,,,,,,,
-,Youngstown St.,12,13,0.48,97,1256,423,3460,0.241,,,,,,,,,,,
196,Binghamton,11,12,0.478,87,1115,424,3123,0.221,,,,,,,,,,,
-,East Carolina,11,12,0.478,86,1045,419,2916,0.215,,,,,,,,,,,
-,LSU,11,12,0.478,89,1126,480,2966,0.218,,,,,,,,,,,
-,NIU,11,12,0.478,92,1115,549,3215,0.176,,,,,,,,,,,
-,Ole Miss,11,12,0.478,89,1136,487,3018,0.215,,,,,,,,,,,
-,UTSA,11,12,0.478,85,1030,474,3005,0.185,,,,,,,,,,,
202,Morgan St.,10,11,0.476,80,911,402,2449,0.208,,,,,,,,,,,
-,Stony Brook,10,11,0.476,80,933,406,2756,0.191,,,,,,,,,,,
204,UMBC,9,10,0.474,79,982,446,2744,0.195,,,,,,,,,,,
205,Tennessee Tech,12,14,0.462,96,1207,610,3348,0.178,,,,,,,,,,,
206,Bellarmine,11,13,0.458,91,1096,534,3174,0.177,,,,,,,,,,,
-,Bradley,11,13,0.458,94,1179,484,3339,0.208,,,,,,,,,,,
-,Jacksonville St.,11,13,0.458,94,1127,544,3075,0.19,,,,,,,,,,,
-,Northern Colo.,11,13,0.458,99,1236,531,3237,0.218,,,,,,,,,,,
-,Rutgers,11,13,0.458,82,1046,433,2488,0.246,,,,,,,,,,,
211,Lehigh,10,12,0.455,81,1006,428,2654,0.218,,,,,,,,,,,
-,Portland,10,12,0.455,78,953,395,2543,0.219,,,,,,,,,,,
-,Portland St.,10,12,0.455,89,1116,456,3120,0.212,,,,,,,,,,,
-,Virginia,10,12,0.455,86,966,445,2702,0.193,,,,,,,,,,,
-,Washington,10,12,0.455,83,1031,400,2716,0.232,,,,,,,,,,,
216,Eastern Mich.,12,15,0.444,103,1261,587,3757,0.179,,,,,,,,,,,
217,Abilene Christian,11,14,0.44,98,1254,615,3376,0.189,,,,,,,,,,,
-,Providence,11,14,0.44,93,1144,472,3257,0.206,,,,,,,,,,,
-,UAB,11,14,0.44,92,1117,422,2911,0.239,,,,,,,,,,,
220,Missouri St.,10,13,0.435,88,1070,406,2993,0.222,,,,,,,,,,,
-,New Mexico,10,13,0.435,88,1070,422,3051,0.212,,,,,,,,,,,
-,San Jose St.,10,13,0.435,94,1152,531,3280,0.189,,,,,,,,,,,
-,Texas Tech,10,13,0.435,89,1043,518,3034,0.173,,,,,,,,,,,
-,Tulane,10,13,0.435,90,1115,451,3374,0.197,,,,,,,,,,,
-,Virginia Tech,10,13,0.435,82,986,407,2701,0.214,,,,,,,,,,,
-,Wake Forest,10,13,0.435,82,1067,469,2822,0.212,,,,,,,,,,,
227,Gardner-Webb,12,16,0.429,104,1245,581,4156,0.16,,,,,,,,,,,
-,Siena,12,16,0.429,106,1236,475,3633,0.209,,,,,,,,,,,
-,New Hampshire,9,12,0.429,81,931,347,2636,0.222,,,,,,,,,,,
-,Northeastern,9,12,0.429,83,1083,416,2842,0.235,,,,,,,,,,,
231,Loyola Chicago,11,15,0.423,104,1315,588,3707,0.196,,,,,,,,,,,
-,Nicholls,11,15,0.423,87,1006,444,2870,0.196,,,,,,,,,,,
-,Ohio,11,15,0.423,99,1280,602,3533,0.192,,,,,,,,,,,
-,Southern U.,11,15,0.423,92,981,526,2966,0.153,,,,,,,,,,,
235,Canisius,10,14,0.417,96,1155,551,3372,0.179,,,,,,,,,,,
-,Davidson,10,14,0.417,91,1191,560,3345,0.189,,,,,,,,,,,
-,Illinois St.,10,14,0.417,87,1127,518,3141,0.194,,,,,,,,,,,
-,Middle Tenn.,10,14,0.417,93,1071,533,3123,0.172,,,,,,,,,,,
-,Samford,10,14,0.417,90,1115,420,3035,0.229,,,,,,,,,,,
-,UC Irvine,10,14,0.417,85,996,464,2966,0.179,,,,,,,,,,,
241,Bucknell,9,13,0.409,85,1019,435,2843,0.205,,,,,,,,,,,
-,South Carolina,9,13,0.409,83,1051,465,2780,0.211,,,,,,,,,,,
243,Delaware St.,10,15,0.4,86,992,466,2653,0.198,,,,,,,,,,,
-,North Florida,10,15,0.4,100,1253,571,3521,0.194,,,,,,,,,,,
-,Notre Dame,8,12,0.4,72,875,372,2352,0.214,,,,,,,,,,,
246,Hawaii,9,14,0.391,84,1034,471,2871,0.196,,,,,,,,,,,
-,William & Mary,9,14,0.391,87,979,427,2848,0.194,,,,,,,,,,,
248,Southern Ill.,10,16,0.385,103,1314,522,3735,0.212,,,,,,,,,,,
-,ULM,10,16,0.385,91,1019,516,3318,0.152,,,,,,,,,,,
250,Saint Mary's (CA),8,13,0.381,86,1027,474,2724,0.203,,,,,,,,,,,
251,A&M-Corpus Christi,9,15,0.375,89,1177,415,3099,0.246,,,,,,,,,,,
-,Alabama St.,9,15,0.375,86,1062,478,2856,0.204,,,,,,,,,,,
-,Fordham,9,15,0.375,87,932,433,3037,0.164,,,,,,,,,,,
-,Indiana St.,9,15,0.375,88,1128,465,3195,0.208,,,,,,,,,,,
-,N.C. Central,9,15,0.375,90,1031,479,3194,0.173,,,,,,,,,,,
-,Stetson,9,15,0.375,99,1152,499,3419,0.191,,,,,,,,,,,
-,UMES,9,15,0.375,95,1014,520,2885,0.171,,,,,,,,,,,
258,Houston,8,14,0.364,79,946,370,2698,0.213,,,,,,,,,,,
-,Maryland,8,14,0.364,84,934,449,2722,0.178,,,,,,,,,,,
260,Robert Morris,9,16,0.36,96,1128,537,3496,0.169,,,,,,,,,,,
261,Memphis,10,18,0.357,100,1205,620,3301,0.177,,,,,,,,,,,
262,Dartmouth,7,13,0.35,71,759,390,2480,0.149,,,,,,,,,,,
-,Omaha,7,13,0.35,74,933,356,2483,0.232,,,,,,,,,,,
264,Buffalo,8,15,0.348,87,1044,481,2938,0.192,,,,,,,,,,,
265,Central Mich.,9,17,0.346,92,1130,494,3023,0.21,,,,,,,,,,,
-,Texas Southern,9,17,0.346,95,1018,558,3088,0.149,,,,,,,,,,,
267,Florida A&M,8,16,0.333,91,992,463,2933,0.18,,,,,,,,,,,
-,UNC Asheville,8,16,0.333,89,1048,476,3252,0.176,,,,,,,,,,,
-,Delaware,7,14,0.333,77,871,402,2492,0.188,,,,,,,,,,,
270,Iona,9,19,0.321,110,1260,687,4141,0.138,,,,,,,,,,,
271,Green Bay,8,17,0.32,94,1160,480,3429,0.198,,,,,,,,,,,
-,Kent St.,8,17,0.32,90,1083,494,3215,0.183,,,,,,,,,,,
-,Mercer,8,17,0.32,87,1038,493,3091,0.176,,,,,,,,,,,
-,Radford,8,17,0.32,92,1074,549,3139,0.167,,,,,,,,,,,
-,Sam Houston,8,17,0.32,104,1221,546,3599,0.188,,,,,,,,,,,
-,St. John's (NY),8,17,0.32,94,1069,565,3075,0.164,,,,,,,,,,,
277,Idaho St.,7,15,0.318,85,1019,459,3058,0.183,,,,,,,,,,,
-,Nevada,7,15,0.318,79,947,504,2755,0.161,,,,,,,,,,,
-,Pacific,7,15,0.318,80,920,528,2776,0.141,,,,,,,,,,,
-,UC Riverside,7,15,0.318,82,924,462,2851,0.162,,,,,,,,,,,
281,Louisiana Tech,8,18,0.308,95,1010,502,3019,0.168,,,,,,,,,,,
-,Marist,8,18,0.308,92,1071,545,3046,0.173,,,,,,,,,,,
-,Sacred Heart,8,18,0.308,100,1209,643,3586,0.158,,,,,,,,,,,
284,East Texas A&M,7,16,0.304,85,977,409,3121,0.182,,,,,,,,,,,
-,North Dakota,7,16,0.304,84,914,482,2687,0.161,,,,,,,,,,,
-,Western Caro.,7,16,0.304,81,1006,456,2979,0.185,,,,,,,,,,,
287,Troy,6,14,0.3,75,967,460,2608,0.194,,,,,,,,,,,
288,Cal St. Fullerton,7,17,0.292,84,912,467,2924,0.152,,,,,,,,,,,
-,Central Conn. St.,7,17,0.292,88,1044,535,2950,0.173,,,,,,,,,,,
290,California Baptist,6,15,0.286,81,883,468,2534,0.164,,,,,,,,,,,
-,Seattle U,6,15,0.286,86,933,504,2646,0.162,,,,,,,,,,,
-,Vanderbilt,6,15,0.286,83,1059,458,2782,0.216,,,,,,,,,,,
293,McNeese,7,18,0.28,95,1069,526,3316,0.164,,,,,,,,,,,
-,New Orleans,7,18,0.28,88,1041,445,3011,0.198,,,,,,,,,,,
-,Saint Peter's,7,18,0.28,98,1094,618,3423,0.139,,,,,,,,,,,
-,Western Ill.,7,18,0.28,98,1049,469,3362,0.173,,,,,,,,,,,
297,Harvard,5,13,0.278,63,704,339,1903,0.192,,,,,,,,,,,
298,Holy Cross,8,21,0.276,112,1253,620,3731,0.17,,,,,,,,,,,
299,California,6,16,0.273,85,973,514,2900,0.158,,,,,,,,,,,
-,Loyola Maryland,6,16,0.273,85,959,514,3110,0.143,,,,,,,,,,,
301,Oakland,7,19,0.269,95,1160,498,3702,0.179,,,,,,,,,,,
302,Fresno St.,6,17,0.261,78,919,374,2638,0.207,,,,,,,,,,,
-,Presbyterian,6,17,0.261,85,995,478,3280,0.158,,,,,,,,,,,
-,Seton Hall,6,17,0.261,87,1005,450,2905,0.191,,,,,,,,,,,
305,Milwaukee,7,20,0.259,89,1055,486,3109,0.183,,,,,,,,,,,
306,Evansville,6,18,0.25,93,1091,591,3410,0.147,,,,,,,,,,,
-,LMU (CA),5,15,0.25,77,867,447,2673,0.157,,,,,,,,,,,
308,Cleveland St.,6,19,0.24,85,918,470,3137,0.143,,,,,,,,,,,
309,Grambling,5,17,0.227,68,694,402,2150,0.136,,,,,,,,,,,
-,Idaho,5,17,0.227,87,1026,525,3103,0.161,,,,,,,,,,,
311,Arkansas,5,18,0.217,89,1088,453,3055,0.208,,,,,,,,,,,
-,Duke,5,18,0.217,82,1015,487,2975,0.177,,,,,,,,,,,
-,Elon,5,18,0.217,82,916,457,2731,0.168,,,,,,,,,,,
-,Old Dominion,5,18,0.217,85,995,535,2981,0.154,,,,,,,,,,,
315,Stonehill,6,22,0.214,109,1185,654,3400,0.156,,,,,,,,,,,
316,South Carolina St.,5,19,0.208,81,710,415,2414,0.122,,,,,,,,,,,
-,UC San Diego,5,19,0.208,93,1153,605,3294,0.166,,,,,,,,,,,
318,CSU Bakersfield,5,20,0.2,90,1061,508,3197,0.173,,,,,,,,,,,
-,Mississippi Val.,4,16,0.2,65,591,399,1989,0.097,,,,,,,,,,,
320,Rhode Island,5,21,0.192,94,981,530,3054,0.148,,,,,,,,,,,
321,Murray St.,4,17,0.19,81,910,403,2747,0.185,,,,,,,,,,,
322,Lafayette,4,18,0.182,79,856,407,2900,0.155,,,,,,,,,,,
-,UNCW,4,18,0.182,77,749,443,2559,0.12,,,,,,,,,,,
324,NJIT,4,19,0.174,90,1009,508,3138,0.16,,,,,,,,,,,
325,Austin Peay,4,20,0.167,92,1002,534,2992,0.156,,,,,,,,,,,
326,Ohio St.,3,17,0.15,74,862,432,2417,0.178,,,,,,,,,,,
327,San Francisco,3,18,0.143,76,856,365,2470,0.199,,,,,,,,,,,
328,Kansas City,3,21,0.125,86,890,474,2924,0.142,,,,,,,,,,,
-,Manhattan,3,21,0.125,88,924,447,2923,0.163,,,,,,,,,,,
330,Norfolk St.,3,22,0.12,90,862,435,2725,0.157,,,,,,,,,,,
-,Purdue Fort Wayne,3,22,0.12,92,1108,541,3284,0.173,,,,,,,,,,,
332,Columbia,2,18,0.1,72,836,386,2405,0.187,,,,,,,,,,,
-,Southern Utah,2,18,0.1,76,781,482,2471,0.121,,,,,,,,,,,
334,Eastern Wash.,2,20,0.091,83,808,427,2627,0.145,,,,,,,,,,,
335,UT Martin,2,21,0.087,86,898,558,3064,0.111,,,,,,,,,,,
336,Oral Roberts,2,22,0.083,77,863,524,2607,0.13,,,,,,,,,,,
337,Alcorn,2,23,0.08,82,681,485,2518,0.078,,,,,,,,,,,
338,Chicago St.,1,21,0.045,77,631,395,2340,0.101,,,,,,,,,,,
339,Ark.-Pine Bluff,1,23,0.042,78,695,474,2420,0.091,,,,,,,,,,,
340,Hampton,1,24,0.04,81,680,435,2371,0.103,,,,,,,,,,,
341,Northwestern St.,1,25,0.038,84,767,495,2636,0.103,,,,,,,,,,,
342,Tennessee St.,1,26,0.037,89,824,505,2849,0.112,,,,,,,,,,,
343,The Citadel,0,22,0,73,720,421,2467,0.121,,,,,,,,,,,
,,,,,,,,,,,,,,,,,,,,
,,,,,,,,,,,,,,,,,,,,
,,,,,,,,,,,,,,,,,,,,
,,,,,,,,,,,,,,,,,,,,
,,,,,,,,,,,,,,,,,,,,
,,,,,,,,,,,,,,,,,,,,
,,,,,,,,,,,,,,,,,,,,
,,,,,,,,,,,,,,,,,,,,
,,,,,,,,,,,,,,,,,,,,
,,,,,,,,,,,,,,,,,,,,
,,,,,,,,,,,,,,,,,,,,
,,,,,,,,,,,,,,,,,,,,
,,,,,,,,,,,,,,,,,,,,
,,,,,,,,,,,,,,,,,,,,
,,,,,,,,,,,,,,,,,,,,
,,,,,,,,,,,,,,,,,,,,
,,,,,,,,,,,,,,,,,,,,
,,,,,,,,,,,,,,,,,,,,
,,,,,,,,,,,,,,,,,,,,
,,,,,,,,,,,,,,,,,,,,
,,,,,,,,,,,,,,,,,,,,
,,,,,,,,,,,,,,,,,,,,
,,,,,,,,,,,,,,,,,,,,
,,,,,,,,,,,,,,,,,,,,
,,,,,,,,,,,,,,,,,,,,
,,,,,,,,,,,,,,,,,,,,
,,,,,,,,,,,,,,,,,,,,
,,,,,,,,,,,,,,,,,,,,
,,,,,,,,,,,,,,,,,,,,
,,,,,,,,,,,,,,,,,,,,
,,,,,,,,,,,,,,,,,,,,
,,,,,,,,,,,,,,,,,,,,
,,,,,,,,,,,,,,,,,,,,
,,,,,,,,,,,,,,,,,,,,
,,,,,,,,,,,,,,,,,,,,
,,,,,,,,,,,,,,,,,,,,
,,,,,,,,,,,,,,,,,,,,
,,,,,,,,,,,,,,,,,,,,
,,,,,,,,,,,,,,,,,,,,
,,,,,,,,,,,,,,,,,,,,
,,,,,,,,,,,,,,,,,,,,
,,,,,,,,,,,,,,,,,,,,
,,,,,,,,,,,,,,,,,,,,
,,,,,,,,,,,,,,,,,,,,
,,,,,,,,,,,,,,,,,,,,
,,,,,,,,,,,,,,,,,,,,
,,,,,,,,,,,,,,,,,,,,
,,,,,,,,,,,,,,,,,,,,
,,,,,,,,,,,,,,,,,,,,
,,,,,,,,,,,,,,,,,,,,
